<?xml version="1.0" encoding="UTF-8"?>
<exch:CrashDriverInfo
	xmlns:xsi="http://www.w3.org/2001/XMLSchema-instance"
	xsi:schemaLocation="http://training.niem.gov/CrashDriver/1.0/ ../xsd/extension/CrashDriver.xsd"
	xmlns:nc="http://release.niem.gov/niem/niem-core/5.0/"
	xmlns:exch="http://training.niem.gov/CrashDriver/1.0/"
	xmlns:ext="http://training.niem.gov/CrashDriver/1.0/extension"
	xmlns:structures="http://release.niem.gov/niem/structures/5.0/"
	xmlns:j="http://release.niem.gov/niem/domains/jxdm/7.0/"
	xmlns:geo="http://release.niem.gov/niem/adapters/geospatial/5.0/"
	xmlns:gml="http://www.opengis.net/gml/3.2">
	<nc:Person structures:id="P01">
		<nc:PersonBirthDate structures:metadata="PMD01">
			<nc:Date>1890-05-04</nc:Date>
		</nc:PersonBirthDate>
		<nc:PersonName>
			<nc:PersonGivenName>Peter</nc:PersonGivenName>
			<nc:PersonMiddleName>Death</nc:PersonMiddleName>
			<nc:PersonMiddleName>Bredon</nc:PersonMiddleName>
			<nc:PersonSurName>Wimsey</nc:PersonSurName>
		</nc:PersonName>
	</nc:Person>
	<j:Crash>
		<nc:ActivityDate>
			<nc:Date>1900-05-04</nc:Date>
		</nc:ActivityDate>
		<j:CrashVehicle>
			<j:CrashDriver>
				<nc:RoleOfPerson structures:ref="P01" xsi:nil="true"/>
				<j:DriverLicense>
					<j:DriverLicenseCardIdentification>
						<nc:IdentificationID>A1234567</nc:IdentificationID>
					</j:DriverLicenseCardIdentification>
					<ext:LicenseAugmentation>
						<nc:ContactInformation>
							<nc:ContactEmailID>peter@wimsey.org</nc:ContactEmailID>
						</nc:ContactInformation>
					</ext:LicenseAugmentation>
				</j:DriverLicense>
			</j:CrashDriver>
		</j:CrashVehicle>
		<j:CrashPerson>
			<nc:RoleOfPerson structures:ref="P01" xsi:nil="true"/>
			<j:CrashPersonInjury structures:metadata="PMD01 PMD02">
				<nc:InjuryDescriptionText>Broken Arm</nc:InjuryDescriptionText>
				<j:InjurySeverityCode>3</j:InjurySeverityCode>
			</j:CrashPersonInjury>
			<ext:PersonDefenestrationIndicator>false</ext:PersonDefenestrationIndicator>
		</j:CrashPerson>
		<nc:Location>
			<geo:LocationGeospatialPoint>
				<gml:Point gml:id="point1">
					<gml:pos srsName="urn:ogc:def:crs:EPSG::4326" srsDimension="2">40.689167 -74.044444</gml:pos>
				</gml:Point>
			</geo:LocationGeospatialPoint>
			<nc:Location2DGeospatialCoordinate>
				<nc:GeographicCoordinateLatitude>
					<nc:LatitudeDegreeValue>51</nc:LatitudeDegreeValue>
					<nc:LatitudeMinuteValue>52</nc:LatitudeMinuteValue>
				</nc:GeographicCoordinateLatitude>
				<nc:GeographicCoordinateLongitude>
					<nc:LongitudeDegreeValue>-1</nc:LongitudeDegreeValue>
					<nc:LongitudeMinuteValue>17</nc:LongitudeMinuteValue>
				</nc:GeographicCoordinateLongitude>
			</nc:Location2DGeospatialCoordinate>
		</nc:Location>
	</j:Crash>
	<j:PersonChargeAssociation structures:metadata="JMD01">
		<nc:Person structures:ref="P01" xsi:nil="true"/>
		<j:Charge structures:ref="CH01" xsi:nil="true"/>
	</j:PersonChargeAssociation>
	<j:Charge structures:id="CH01" structures:metadata="JMD01">
		<j:ChargeDescriptionText>Furious Driving</j:ChargeDescriptionText>
		<j:ChargeFelonyIndicator>false</j:ChargeFelonyIndicator>
	</j:Charge>
	<j:Metadata structures:id="JMD01">
		<j:CriminalInformationIndicator>true</j:CriminalInformationIndicator>
	</j:Metadata>
	<ext:PrivacyMetadata structures:id="PMD01">
		<ext:PrivacyCode>PII</ext:PrivacyCode>
	</ext:PrivacyMetadata>
	<ext:PrivacyMetadata structures:id="PMD02">
		<ext:PrivacyCode>MEDICAL</ext:PrivacyCode>
	</ext:PrivacyMetadata>
</exch:CrashDriverInfo>
